Address,Detail_URL,Property_Images,ID,Monthly Rent,Move In Date,Move Out Date,Lease Term,Short Lease Term,Sublease Permitted,Security Deposit,Property Owner,Property Type,"Location
                                            Sector",Level,City,Bedrooms,Bathrooms,Max Occupancy,Wheel Chair Access,Basement,Laundry,Parking,Number of Parking Spaces,Off-street Parking,Off-street Monthly,Off-street Yearly,On-street Parking,On-street Permit Required,Garage Parking,Garage Monthly,Garage Yearly,Furnished,Fireplace,Air Conditioning,Dishwasher,Stove,Refrigerator,Security System,Backyard,Deck Or Porch,Other Amenities,Pet Deposit,Additional Pet Rent,Additional Dog Rent,Additional Cat Rent,Pets Allowed,Dogs Allowed,Cats Allowed,Pet Deposit Refundable,Water Included,Electric Included,Gas Included,Name,Phone
2060 North High Street Sublet (Sublet),https://offcampus.osu.edu/search-housing.aspx?property=7355&pricefrom=0&sort=1&alllandlords=0&sublet=true,['https://offcampus.osu.edu/posts/vendors/properties/img-5371-big.jpg'],00001CBB,$930.00,5/3/2026,8/2/2026,FLEXIBLE,No,Yes,$175,Inn-Town Homes and Apartments,Studio/Efficiency,University District: Northeast,Ground Level,"Columbus, OH",1,"1 full, 0 half",2,Yes,No,Laundry facilities in the building,Yes,0,Yes,n/a,n/a,No,,No,n/a,n/a,Yes,No,Central A/C,No,No,Yes,No,No,No,,$0,$0,$0,$0,No,No,No,No,Yes,Yes,Yes,,
399 East 13th  Avenue,https://offcampus.osu.edu/search-housing.aspx?property=20227&pricefrom=0&sort=1&alllandlords=0,"['https://offcampus.osu.edu/posts/vendors/properties/img-703-3-2nd-floor-south-room-f-big.jpg', 'https://offcampus.osu.edu/posts/vendors/properties/397-e-13th-ave-3rd-floor-smaller-room-curtain-img-1541-big.jpg', 'https://offcampus.osu.edu/posts/vendors/properties/img-7006-399-2nd-floor-mid-room-big.jpg', 'https://offcampus.osu.edu/posts/vendors/properties/img-8158-2nd-floor-north-room-1-big.jpg', 'https://offcampus.osu.edu/posts/vendors/properties/img-7035-2nd-floor-south-room-sun-room-big.jpg', 'https://offcampus.osu.edu/posts/vendors/properties/397-e-13th-ave-bathroom-img-2750-1-big.jpg', 'https://offcampus.osu.edu/posts/vendors/properties/img-6217-big.jpg', 'https://offcampus.osu.edu/posts/vendors/properties/img-6217-1-big.jpg', 'https://offcampus.osu.edu/posts/vendors/properties/397-399-house-pic6-lv-1-big.jpg', 'https://offcampus.osu.edu/posts/vendors/properties/397-399-house-pic1-house-front-big.jpg', 'https://offcampus.osu.edu/posts/vendors/properties/397-399-house-pic5-lv-2-big.jpg', 'https://offcampus.osu.edu/posts/vendors/properties/397-399-house-pic3-lv3-big.jpg', 'https://offcampus.osu.edu/posts/vendors/properties/397-399-house-pic4-kitchen-big.jpg', 'https://offcampus.osu.edu/posts/vendors/properties/397-399-house-pic2-bathroom-big.jpg', 'https://offcampus.osu.edu/posts/vendors/properties/397-399-house-3rd-floor-north-room-big-f-big.jpg', 'https://offcampus.osu.edu/posts/vendors/properties/397-399-house-3rd-floor-north-room-big-b-big.jpg']",00004F03,$440.00 - $550.00,05-01-2026,07-31-2026,6.5 months,Yes,Yes,$one month's rent,Junxia Xie,Half Double,University District: Central,Above Ground,"Columbus, OH",5,"1 full, 0 half",5,No,Yes,Laundry facilities in the building,Yes,5,Yes,n/a,n/a,Yes,,No,n/a,n/a,No,No,Central A/C,Yes,Yes,Yes,Yes,Yes,Yes,Single room available in this 5-bedroom unit for Fall semester 2026.   A group of 5 is more favorable for school calendar year of 2026-2027,$300,$40,$40,$40,Yes,No,Yes,Yes,No,No,No,,
2233 Neil  Avenue Unit I,https://offcampus.osu.edu/search-housing.aspx?property=17341&pricefrom=0&sort=1&alllandlords=0,"['https://offcampus.osu.edu/posts/vendors/properties/1-11-big.jpg', 'https://offcampus.osu.edu/posts/vendors/properties/4-7-big.jpg', 'https://offcampus.osu.edu/posts/vendors/properties/22-5-big.jpg', 'https://offcampus.osu.edu/posts/vendors/properties/31-4-big.jpg', 'https://offcampus.osu.edu/posts/vendors/properties/dsc-0293-6-big.jpg', 'https://offcampus.osu.edu/posts/vendors/properties/29-4-big.jpg', 'https://offcampus.osu.edu/posts/vendors/properties/17-5-big.jpg', 'https://offcampus.osu.edu/posts/vendors/properties/dsc-0300-4-big.jpg', 'https://offcampus.osu.edu/posts/vendors/properties/dsc-0302-5-big.jpg']",000043BD,$450.00 - $600.00,08-16-2026,08-09-2027,12 Months,No,No,$one month's rent,"OSU Apartments & Rentals, Inc.",House,University District: Northwest,Above Ground,"Columbus, OH",1,"1 full, 0 half",1,No,No,Laundry facilities in the unit,Yes,0,No,n/a,n/a,Yes,,No,n/a,n/a,No,Yes,Window A/C,Yes,Yes,Yes,Yes,Yes,Yes,"This is a beautiful house, one block from OSU's north campus.  Nearby amenities include a park, tennis courts, and shopping.  The house also boasts two fireplaces, bay windows, and sun room.  Flooring includes:  wooden floors in the kitchen, marble floors in the bathroom, and carpeting throughout the bedrooms.   

Washer / dryer and dishwasher included. Local area network, satellite dish, high speed internet access, and security system are also available/pre-wired but not included in rent. 

This house also includes a large fenced-in backyard with picnic table.  

Permit parking area; on-street parking available.",$$0,$0,$0,$0,No,No,No,Yes,No,No,No,,
"Box 65Columbus, OH 43216",https://offcampus.osu.edu/search-housing.aspx?property=20887&pricefrom=0&sort=1&alllandlords=0,[],00005197,$450.00,08-16-2026,08-09-2027,"August 16, 2026 - August 9, 2027",No,No,$one month's rent,"OSU Apartments & Rentals, Inc.",Rooming House,University District: Northwest,Above Ground,"Columbus, OH",1,"1 full, 0 half",1,No,No,Laundry facilities in the unit,Yes,0,No,n/a,n/a,Yes,,No,n/a,n/a,No,Yes,Central A/C,Yes,Yes,Yes,Yes,Yes,Yes,"This is a beautiful house, one block from OSU's north campus.  Nearby amenities include a park, tennis courts, and shopping.  The house also boasts two fireplaces, bay windows, and sun room.  Flooring includes:  wooden floors in the kitchen, marble floors in the bathroom, and carpeting throughout the bedrooms.   

Washer / dryer and dishwasher included. Local area network, satellite dish, high speed internet access, and security system are also available/pre-wired but not included in rent. 

This house also includes a large fenced-in backyard with picnic table.  

Permit parking area; on-street parking available.   Please call to reserve your viewing time today!",$0,$0,$0,$0,No,No,No,No,No,No,No,V. Frank,614-300-5336
"1299 Neil AveColumbus, OH 43201",https://offcampus.osu.edu/search-housing.aspx?property=21062&pricefrom=0&sort=1&alllandlords=0,"['https://offcampus.osu.edu/posts/vendors/properties/img-1015-2-big.jpg', 'https://offcampus.osu.edu/posts/vendors/properties/img-8969-1-big.jpg', 'https://offcampus.osu.edu/posts/vendors/properties/thumbnail-8-1-big.jpg', 'https://offcampus.osu.edu/posts/vendors/properties/thumbnail-6-1-big.jpg', 'https://offcampus.osu.edu/posts/vendors/properties/thumbnail-1-4-big.jpg', 'https://offcampus.osu.edu/posts/vendors/properties/img-5641-1-big.jpg', 'https://offcampus.osu.edu/posts/vendors/properties/54fffbd1f6f6ca958e60e104e059ba35-uncropped-scaled-within-1536-1152-1-big.jpg', 'https://offcampus.osu.edu/posts/vendors/properties/thumbnail-3-2-big.jpg', 'https://offcampus.osu.edu/posts/vendors/properties/thumbnail-14-1-big.jpg', 'https://offcampus.osu.edu/posts/vendors/properties/thumbnail-11-1-big.jpg', 'https://offcampus.osu.edu/posts/vendors/properties/thumbnail-13-1-big.jpg', 'https://offcampus.osu.edu/posts/vendors/properties/fd9473ec3b482942109d585c27889a4a-uncropped-scaled-within-1536-1152-1-big.jpg']",00005246,$460.00 - $490.00,07-17-2026,07-14-2027,One year or longer,No,Yes,$12 Months+,BRE LLC,Duplex/Town House,University District: Central,Above Ground,"Columbus, OH",4,"1 full, 0 half",1,No,Yes,Laundry facilities in the unit,Yes,4,No,n/a,n/a,Yes,,No,n/a,n/a,Yes,No,Central A/C,No,Yes,Yes,No,Yes,Yes,,$0,$0,$0,$0,No,No,No,No,No,No,No,Susan Zhang,614-285-8088
"1299 Neil AveColumbus, OH 43201",https://offcampus.osu.edu/search-housing.aspx?property=21686&pricefrom=0&sort=1&alllandlords=0,"['https://offcampus.osu.edu/posts/vendors/properties/img-7570-1-big.jpg', 'https://offcampus.osu.edu/posts/vendors/properties/dsc-8689-1-big.jpg', 'https://offcampus.osu.edu/posts/vendors/properties/dsc-8691-big.jpg', 'https://offcampus.osu.edu/posts/vendors/properties/dsc-8693-1-big.jpg', 'https://offcampus.osu.edu/posts/vendors/properties/dsc-8706-1-big.jpg', 'https://offcampus.osu.edu/posts/vendors/properties/dsc-8722-1-big.jpg', 'https://offcampus.osu.edu/posts/vendors/properties/dsc-8718-1-big.jpg', 'https://offcampus.osu.edu/posts/vendors/properties/dsc-8724-1-big.jpg', 'https://offcampus.osu.edu/posts/vendors/properties/dsc-8739-big.jpg', 'https://offcampus.osu.edu/posts/vendors/properties/dsc-8730-1-big.jpg', 'https://offcampus.osu.edu/posts/vendors/properties/dsc-8729-1-big.jpg']",000054B6,$465.00,08-05-2026,08-04-2027,12 months +,No,Yes,$One month rent,BRE LLC,Duplex/Town House,University District: Central,Above Ground,"Columbus, OH",4,"1 full, 0 half",1,No,Yes,Laundry facilities in the unit,Yes,4,No,n/a,n/a,Yes,,No,n/a,n/a,No,No,Central A/C,No,Yes,Yes,No,Yes,Yes,,$0,$0,$0,$0,No,No,No,No,No,No,No,Susan Zhang,614-285-8088
"1299 Neil AveColumbus, OH 43201",https://offcampus.osu.edu/search-housing.aspx?property=21052&pricefrom=0&sort=1&alllandlords=0,"['https://offcampus.osu.edu/posts/vendors/properties/img-9313-4-big.jpg', 'https://offcampus.osu.edu/posts/vendors/properties/img-9312-4-big.jpg', 'https://offcampus.osu.edu/posts/vendors/properties/img-9314-3-big.jpg', 'https://offcampus.osu.edu/posts/vendors/properties/img-9315-1-big.jpg', 'https://offcampus.osu.edu/posts/vendors/properties/img-9316-2-big.jpg', 'https://offcampus.osu.edu/posts/vendors/properties/img-9317-3-big.jpg', 'https://offcampus.osu.edu/posts/vendors/properties/img-9318-2-big.jpg', 'https://offcampus.osu.edu/posts/vendors/properties/img-9311-2-big.jpg', 'https://offcampus.osu.edu/posts/vendors/properties/img-9914-big.jpg', 'https://offcampus.osu.edu/posts/vendors/properties/img-9908-big.jpg']",0000523C,$470.00 - $490.00,07-12-2026,07-10-2027,12 months+,No,No,$One month rent,BRE LLC,House,University District: Central,Above Ground,"Columbus, OH",5,"1 full, 1 half",2,No,Yes,Laundry facilities in the building,Yes,5,Yes,n/a,n/a,Yes,,No,n/a,n/a,No,No,Central A/C,Yes,Yes,Yes,No,Yes,Yes,,$0,$0,$0,$0,No,No,No,No,No,No,No,Susan Zhang,614-285-8088
395 East 14th Avenue,https://offcampus.osu.edu/search-housing.aspx?property=20905&pricefrom=0&sort=1&alllandlords=0,"['https://offcampus.osu.edu/posts/vendors/properties/img-1669-big.jpg', 'https://offcampus.osu.edu/posts/vendors/properties/img-5138-big.jpg', 'https://offcampus.osu.edu/posts/vendors/properties/img-1567-5-big.jpg', 'https://offcampus.osu.edu/posts/vendors/properties/img-2972-big.jpg', 'https://offcampus.osu.edu/posts/vendors/properties/395pic7-big.jpg', 'https://offcampus.osu.edu/posts/vendors/properties/395pic10-big.jpg', 'https://offcampus.osu.edu/posts/vendors/properties/395pic9-big.jpg', 'https://offcampus.osu.edu/posts/vendors/properties/395pic11-big.jpg', 'https://offcampus.osu.edu/posts/vendors/properties/img-2911-big.jpg', 'https://offcampus.osu.edu/posts/vendors/properties/img-2912-big.jpg', 'https://offcampus.osu.edu/posts/vendors/properties/img-2914-big.jpg', 'https://offcampus.osu.edu/posts/vendors/properties/img-2913-big.jpg', 'https://offcampus.osu.edu/posts/vendors/properties/395pic14-big.jpg', 'https://offcampus.osu.edu/posts/vendors/properties/395pic15-big.jpg', 'https://offcampus.osu.edu/posts/vendors/properties/img-1524-1-big.jpg']",000051A9,$470.00 - $510.00,05-01-2026,07-31-2026,3 months,Yes,Yes,$1 month,Junxia Xie,House,University District: Central,Above Ground,"Columbus, OH",6,"2 full, 0 half",6,No,Yes,Laundry facilities in the building,Yes,4,Yes,n/a,n/a,Yes,,No,n/a,n/a,No,No,Central A/C,Yes,Yes,Yes,No,Yes,Yes,This house is lived by OSU female students at their early 20s and the current tenants prefer female students of their similar age,$300,$40,$40,$40,Yes,Yes,No,Yes,No,No,No,,
1695 North Fourth Street (Single Room),https://offcampus.osu.edu/search-housing.aspx?property=18250&pricefrom=0&sort=1&alllandlords=0,"['https://offcampus.osu.edu/posts/vendors/properties/img-6733-big.jpg', 'https://offcampus.osu.edu/posts/vendors/properties/img-6755-big.jpg', 'https://offcampus.osu.edu/posts/vendors/properties/1695n4thrental-house-011-1-big.jpg', 'https://offcampus.osu.edu/posts/vendors/properties/img-6736-big.jpg', 'https://offcampus.osu.edu/posts/vendors/properties/img-1490-big.jpg', 'https://offcampus.osu.edu/posts/vendors/properties/1695n4thrental-house-014-1-big.jpg', 'https://offcampus.osu.edu/posts/vendors/properties/1695n4thrental-house-013-1-big.jpg', 'https://offcampus.osu.edu/posts/vendors/properties/img-1506-1-big.jpg', 'https://offcampus.osu.edu/posts/vendors/properties/img-6732-1-big.jpg', 'https://offcampus.osu.edu/posts/vendors/properties/image2-3-big.jpg', 'https://offcampus.osu.edu/posts/vendors/properties/img-1510-1-big.jpg', 'https://offcampus.osu.edu/posts/vendors/properties/img-1430-1-big.jpg', 'https://offcampus.osu.edu/posts/vendors/properties/img-6731-1-big.jpg']",0000474A,$470.00 - $510.00,08-17-2026,08-10-2027,one year,Yes,Yes,$one month's rent,Junxia Xie,House,University District: Central,Above Ground,"Columbus, OH",6,"3 full, 0 half",7,No,Yes,Laundry facilities in the unit,Yes,5,Yes,n/a,n/a,Yes,,Yes,$40,$480,Yes,No,Central A/C,Yes,Yes,Yes,No,Yes,Yes,"Renting per room.  Multiple bedrooms available in this 6-bedroom newly renovated home. Newly remodeled interior,  New central Air conditioning and Furnace system, installed  two years ago,  New Appliances, New flooring, walking distance to campus. Nice backyard with Fence.",$300,$30,$30,$30,Yes,Yes,Yes,Yes,No,No,No,,
388 East 17th Avenue,https://offcampus.osu.edu/search-housing.aspx?property=20351&pricefrom=0&sort=1&alllandlords=0,"['https://offcampus.osu.edu/posts/vendors/properties/img-6217-2-big.jpg', 'https://offcampus.osu.edu/posts/vendors/properties/img-5881-big.jpg', 'https://offcampus.osu.edu/posts/vendors/properties/img-5882-big.jpg', 'https://offcampus.osu.edu/posts/vendors/properties/img-5884-big.jpg', 'https://offcampus.osu.edu/posts/vendors/properties/1-125-big.jpg', 'https://offcampus.osu.edu/posts/vendors/properties/16-135-big.jpg', 'https://offcampus.osu.edu/posts/vendors/properties/parking-dedicated-big.jpg', 'https://offcampus.osu.edu/posts/vendors/properties/gopr2066-big.jpg', 'https://offcampus.osu.edu/posts/vendors/properties/6-110-big.jpg', 'https://offcampus.osu.edu/posts/vendors/properties/13-69-big.jpg', 'https://offcampus.osu.edu/posts/vendors/properties/8-13-big.jpg', 'https://offcampus.osu.edu/posts/vendors/properties/10-111-big.jpg']",00004F7F,"$480.00 - $1,920.00",08-09-2026,07-31-2027,12 months,No,Yes,$1920,D&D Columbus Properties,Half Double,University District: Central,Above Ground,"Columbus, OH",4,"2 full, 0 half",6,No,Yes,Laundry facilities in the unit,Yes,4,Yes,n/a,n/a,Yes,,No,n/a,n/a,No,Yes,Central A/C,Yes,Yes,Yes,Yes,Yes,Yes,Free parking,$350,$0,$0,$0,Yes,Yes,Yes,No,No,No,No,,
347 East 12th Avenue,https://offcampus.osu.edu/search-housing.aspx?property=11821&pricefrom=0&sort=1&alllandlords=0,"['https://offcampus.osu.edu/posts/vendors/properties/347e12thave1-1-big.jpg', 'https://offcampus.osu.edu/posts/vendors/properties/347e12thave2-1-big.jpg', 'https://offcampus.osu.edu/posts/vendors/properties/house-photo-3a-big.jpg', 'https://offcampus.osu.edu/posts/vendors/properties/img-3707-big.jpg', 'https://offcampus.osu.edu/posts/vendors/properties/img-1180-2-big.jpg', 'https://offcampus.osu.edu/posts/vendors/properties/img-1161-1-big.jpg', 'https://offcampus.osu.edu/posts/vendors/properties/img-1155-big.jpg', 'https://offcampus.osu.edu/posts/vendors/properties/img-1176-2-big.jpg', 'https://offcampus.osu.edu/posts/vendors/properties/img-1181-2-big.jpg', 'https://offcampus.osu.edu/posts/vendors/properties/img-1182-2-big.jpg', 'https://offcampus.osu.edu/posts/vendors/properties/img-1184-2-big.jpg', 'https://offcampus.osu.edu/posts/vendors/properties/top-br-2-big.jpg', 'https://offcampus.osu.edu/posts/vendors/properties/img-1186-1-big.jpg', 'https://offcampus.osu.edu/posts/vendors/properties/img-1188-2-big.jpg', 'https://offcampus.osu.edu/posts/vendors/properties/img-1197-1-big.jpg', 'https://offcampus.osu.edu/posts/vendors/properties/img-1200-1-big.jpg', 'https://offcampus.osu.edu/posts/vendors/properties/img-1203-1-big.jpg']",00002E2D,"$480.00 - $2,400.00",08-15-2026,7/31/2027,12 month,No,Yes,$2400,Easton O Properties,House,University District: Central,Ground Level,"Columbus, OH",5,"2 full, 1 half",5,No,Yes,Laundry facilities in the unit,Yes,2,Yes,n/a,n/a,Yes,No,No,n/a,n/a,No,No,Central A/C,Yes,Yes,Yes,Yes,Yes,Yes,"This is a very large house with 2 1/2 bathrooms, large kitchen, ....huge bedrooms with tall ceilings and oversized living areas.",$300,$50,$50,$50,No,No,No,No,No,No,No,,
1441  Hamlet Street,https://offcampus.osu.edu/search-housing.aspx?property=20283&pricefrom=0&sort=1&alllandlords=0,"['https://offcampus.osu.edu/posts/vendors/properties/1441pic5-big.jpg', 'https://offcampus.osu.edu/posts/vendors/properties/1441pic9-big.jpg', 'https://offcampus.osu.edu/posts/vendors/properties/1441pic16-big.jpg', 'https://offcampus.osu.edu/posts/vendors/properties/1441pic24-big.jpg', 'https://offcampus.osu.edu/posts/vendors/properties/1441pic6-big.jpg', 'https://offcampus.osu.edu/posts/vendors/properties/1441pic17-big.jpg', 'https://offcampus.osu.edu/posts/vendors/properties/img-6017-big.jpg', 'https://offcampus.osu.edu/posts/vendors/properties/img-8889-big.jpg', 'https://offcampus.osu.edu/posts/vendors/properties/img-8668-big.jpg', 'https://offcampus.osu.edu/posts/vendors/properties/img-9191-big.jpg', 'https://offcampus.osu.edu/posts/vendors/properties/img-7493-1-big.jpg', 'https://offcampus.osu.edu/posts/vendors/properties/img-7493-2-big.jpg', 'https://offcampus.osu.edu/posts/vendors/properties/img-8886-big.jpg', 'https://offcampus.osu.edu/posts/vendors/properties/1441pic1-big.jpg', 'https://offcampus.osu.edu/posts/vendors/properties/1441pic2-big.jpg', 'https://offcampus.osu.edu/posts/vendors/properties/1441pic3-big.jpg', 'https://offcampus.osu.edu/posts/vendors/properties/1441pic4-big.jpg', 'https://offcampus.osu.edu/posts/vendors/properties/1441pic10-big.jpg']",00004F3B,$490.00 - $780.00,05-01-2026,07-31-2027,3 months,Yes,Yes,$one month rent,Junxia Xie,House,University District: Central,Above Ground,"Columbus, OH",6,"2 full, 1 half",7,No,Yes,Laundry facilities in the unit,Yes,4,Yes,n/a,n/a,Yes,,No,n/a,n/a,No,No,Central A/C,Yes,Yes,Yes,No,Yes,Yes,"Single room available in a spacious 6 bedroom house available for 2027 Calendar year, there is a master bedroom with a private bathroom, a group of 6-7 is preferred.",$300,$40,$40,$40,Yes,Yes,Yes,Yes,No,No,No,,
180 East 12th Avenue Unit D,https://offcampus.osu.edu/search-housing.aspx?property=15835&pricefrom=0&sort=1&alllandlords=0,"['https://offcampus.osu.edu/posts/vendors/properties/img-20190804-173346-18tw-ext-pic-1-of-2-big.jpg', 'https://offcampus.osu.edu/posts/vendors/properties/18tw-d10241024-1-big.jpg', 'https://offcampus.osu.edu/posts/vendors/properties/dscn1315-copy-1-big.jpg', 'https://offcampus.osu.edu/posts/vendors/properties/dscn1317-copy-1-big.jpg', 'https://offcampus.osu.edu/posts/vendors/properties/dscn1321-copy-1-big.jpg', 'https://offcampus.osu.edu/posts/vendors/properties/dscn1322-copy-1-big.jpg', 'https://offcampus.osu.edu/posts/vendors/properties/dscn1313-copy-big.jpg', 'https://offcampus.osu.edu/posts/vendors/properties/dscn1332-copy-big.jpg']",00003DDB,"$495.00 - $1,980.00",08-23-2026,08-05-2027,12 month,No,Yes,$1980,Cooper Properties,Apartment,University District: Southeast,Above Ground,"Columbus, OH",4,"1 full, 0 half",4,No,No,Laundry facilities in the unit,Yes,2,Yes,n/a,n/a,Yes,,No,n/a,n/a,No,No,Central A/C,Yes,Yes,Yes,No,No,Yes,"Nice units, newer construction.  Central air conditioning, washer and dryer in unit, dishwasher, free off street parking (2 spots).  Video tours of all our properties are available at www.cooper-properties.com.  For more information please email manager@cooper-properties.com or call (614) 961-0056.

Explore Our Property at 180 E 12th Ave - Follow the Link below to Check it Out: 
https://cooper-properties.com/properties/180-e-12th-ave/",$0,$0,$0,$0,No,No,No,No,No,No,No,,
"3820 North High StreetColumbus, OH 43214",https://offcampus.osu.edu/search-housing.aspx?property=19476&pricefrom=0&sort=1&alllandlords=0,"['https://offcampus.osu.edu/posts/vendors/properties/img-20190804-173117-18tw-ext-pic-2-of-2-big.jpg', 'https://offcampus.osu.edu/posts/vendors/properties/18tw-c10241024-1-big.jpg', 'https://offcampus.osu.edu/posts/vendors/properties/180-e-12th-kitchen-big.jpg', 'https://offcampus.osu.edu/posts/vendors/properties/180-e-12th-living-room-big.jpg', 'https://offcampus.osu.edu/posts/vendors/properties/180-e-12th-washer-and-dryer-big.jpg', 'https://offcampus.osu.edu/posts/vendors/properties/180-e-12th-bed-1-big.jpg', 'https://offcampus.osu.edu/posts/vendors/properties/180-e-12th-bed-2-big.jpg', 'https://offcampus.osu.edu/posts/vendors/properties/180-e-12th-bath-big.jpg']",00004C14,"$500.00 - $1,500.00",08-23-2026,08-05-2027,12 months,No,Yes,$1500,Cooper Properties,Apartment,University District: Southeast,Above Ground,"Columbus, OH",3,"1 full, 0 half",3,No,No,Laundry facilities in the unit,Yes,2,Yes,$0.0,$0.0,Yes,,No,n/a,n/a,No,No,Central A/C,Yes,Yes,Yes,No,No,No,"WE ARE RENTING ONE OF OUR LAST 4 BEDROOM APARTMENTS (Apt. D) AS A 3 BEDROOM – It is 4 bedroom apartment with an open kitchen and living room, dishwasher, free washer and dryer in apartment, central air conditioning and free off-street parking.  Use the extra bedroom as a study area, social space, etc.  Video tours of all our properties are available at www.cooper-properties.com. Rent for all 3 tenants is $1,500/month For more information please call (614) 961-0056 or email manager@cooper-properties.com.",$0.0,$0,$0,$0,No,No,No,No,No,No,No,Adam Cooper,614-961-0056
"3820 North High StreetColumbus, OH 43214",https://offcampus.osu.edu/search-housing.aspx?property=22059&pricefrom=0&sort=1&alllandlords=0,"['https://offcampus.osu.edu/posts/vendors/properties/67-ch-exterior-img-20210812-100622-big.jpg', 'https://offcampus.osu.edu/posts/vendors/properties/photo-aug-16-2-51-22-pm-big.jpg', 'https://offcampus.osu.edu/posts/vendors/properties/dscn1297-1-big.jpg', 'https://offcampus.osu.edu/posts/vendors/properties/dscn4061-1-big.jpg', 'https://offcampus.osu.edu/posts/vendors/properties/bedroom-1-55-big.jpg', 'https://offcampus.osu.edu/posts/vendors/properties/bedroom-2-61-big.jpg', 'https://offcampus.osu.edu/posts/vendors/properties/bedroom-3-26-big.jpg', 'https://offcampus.osu.edu/posts/vendors/properties/bedroom-4-18-big.jpg', 'https://offcampus.osu.edu/posts/vendors/properties/bedroom-5-14-big.jpg', 'https://offcampus.osu.edu/posts/vendors/properties/shower-2-1-big.jpg']",0000562B,"$500.00 - $2,000.00",08-23-2026,08-05-2027,12 month lease,No,No,$2000,Cooper Properties,Apartment,University District: Southeast,Ground Level,"Columbus, OH",4,"2 full, 0 half",4,No,Yes,Laundry facilities in the unit,Yes,2,Yes,n/a,n/a,Yes,,No,n/a,n/a,No,No,Central A/C,Yes,Yes,Yes,No,No,Yes,"WE ARE RENTING ONE OF OUR LAST 5 BEDROOM APARTMENTS (APT A) AS A 4 BEDROOM – It is a 5 Bedroom apartment less then a block off High Street with 2 full baths, very large open living room, newly renovated kitchen with built-in microwave, dishwasher, tile backsplash and all new cabinets.  Washer and dryer in the apartment, central air conditioning and free off-street parking.  We don’t allow pets and we ask our tenants for a cosigner on the lease. Rent for all 4 tenants is $2,000/month For more information please call (614) 961-0056 or email manager@cooper-properties.com.",$0,$0,$0,$0,No,No,No,No,No,No,No,Adam Cooper,614-961-0056
111 East Norwich Avenue (3 BR),https://offcampus.osu.edu/search-housing.aspx?property=20448&pricefrom=0&sort=1&alllandlords=0,"['https://offcampus.osu.edu/posts/vendors/properties/img-20190804-161632-11no-ext-pic-1-big.jpg', 'https://offcampus.osu.edu/posts/vendors/properties/p1000455-2-big.jpg', 'https://offcampus.osu.edu/posts/vendors/properties/p1000457-2-big.jpg', 'https://offcampus.osu.edu/posts/vendors/properties/dscn1686-3-big.jpg', 'https://offcampus.osu.edu/posts/vendors/properties/11no-bath-1-3-big.jpg', 'https://offcampus.osu.edu/posts/vendors/properties/dscn1691-3-big.jpg', 'https://offcampus.osu.edu/posts/vendors/properties/dscn1699-4-big.jpg', 'https://offcampus.osu.edu/posts/vendors/properties/dscn1703-1-big.jpg', 'https://offcampus.osu.edu/posts/vendors/properties/11no-a-1-big.jpg']",00004FE0,"$500.00 - $1,500.00",08-23-2026,08-05-2027,12 month lease,No,Yes,$1500,Cooper Properties,Apartment,University District: Northeast,Above Ground,"Columbus, OH",3,"1 full, 0 half",3,No,No,Laundry facilities in the unit,Yes,2,Yes,n/a,n/a,Yes,,No,n/a,n/a,No,No,Central A/C,Yes,Yes,Yes,No,No,No,"WE ARE RENTING ONE OF OUR LAST 4 BEDROOM APARTMENTS (APT F) AS A 3 BEDROOM – It is a 4-bedroom apartment with a fully renovated kitchen including new appliances, new cabinets, built in microwave, dishwasher and tile backsplash.  Apartment has central air conditioning, free washer and dryer in the apartment, updated bathroom and free off-street parking. Use the extra bedroom as a study area, social space, etc. Rent for three tenants is $1,500/month with an additional security deposit required.  Video tours of all our properties are available at cooper-properties.com.  For more information please call (614) 961-0056 or email manager@cooper-properties.com.",$0,$0,$0,$0,No,No,No,No,No,No,No,,
119 Chittenden Avenue Unit C,https://offcampus.osu.edu/search-housing.aspx?property=14865&pricefrom=0&sort=1&alllandlords=0,"['https://offcampus.osu.edu/posts/vendors/properties/20170929-133155-1-big.jpg', 'https://offcampus.osu.edu/posts/vendors/properties/2012-12-11-13-25-30-478-1-big.jpg', 'https://offcampus.osu.edu/posts/vendors/properties/2012-12-11-13-23-15-937-1-big.jpg', 'https://offcampus.osu.edu/posts/vendors/properties/2012-12-11-13-23-40-715-1-big.jpg', 'https://offcampus.osu.edu/posts/vendors/properties/20170929-131801-big.jpg', 'https://offcampus.osu.edu/posts/vendors/properties/20170929-133226-big.jpg']",00003A11,"$500.00 - $2,000.00",01/15/2026,07/30/2026,6 Months,No,No,$500 to 2000,"Campus Living, LLC",Apartment,University District: Southeast,Ground Level,"Columbus, OH",4,"2 full, 0 half",4,No,No,Laundry facilities in the building,Yes,2,Yes,n/a,$500.00,Yes,No,No,n/a,n/a,No,No,Central A/C,Yes,Yes,Yes,Yes,No,No,"New Kitchen and Carpet. Two Full Baths, Central Air, Off-Street Parking, Laundry, Security, and more... Call Ron for an Appointment 614-205-4343",$300,$70,$70,$70,No,No,No,No,No,No,No,,
119 Chittenden Avenue Unit B,https://offcampus.osu.edu/search-housing.aspx?property=18530&pricefrom=0&sort=1&alllandlords=0,"['https://offcampus.osu.edu/posts/vendors/properties/img-1060-1-big.jpg', 'https://offcampus.osu.edu/posts/vendors/properties/img-1068-big.jpg', 'https://offcampus.osu.edu/posts/vendors/properties/img-1066-1-big.jpg', 'https://offcampus.osu.edu/posts/vendors/properties/img-1061-big.jpg', 'https://offcampus.osu.edu/posts/vendors/properties/2012-12-11-13-25-30-478s-big.jpg', 'https://offcampus.osu.edu/posts/vendors/properties/img-1059-big.jpg', 'https://offcampus.osu.edu/posts/vendors/properties/20170929-133226-1-big.jpg', 'https://offcampus.osu.edu/posts/vendors/properties/20170929-133155-big.jpg']",00004862,"$500.00 - $2,000.00",01-15-2026,07-30-2026,6 Months,No,Yes,$500-2000,"Campus Living, LLC",Apartment,University District: Southeast,Ground Level,"Columbus, OH",4,"2 full, 0 half",4,No,No,Laundry facilities in the building,Yes,2,Yes,$N/A,$450.00,Yes,,No,$n/a,$n/a,No,No,Central A/C,Yes,Yes,Yes,Yes,No,No,"Half Block from Gateway. Two Full Baths, Central Air, Off-Street Parking, Laundry, Security, and more... Call Ron for an Appointment. 614-205-4343",$300,$70,$0,$0,No,No,No,No,No,No,No,,
"10065 Juliana CirclePowell, OH 43065",https://offcampus.osu.edu/search-housing.aspx?property=21065&pricefrom=0&sort=1&alllandlords=0,"['https://offcampus.osu.edu/posts/vendors/properties/2012-12-11-13-25-30-478s-1-big.jpg', 'https://offcampus.osu.edu/posts/vendors/properties/img-1066-3-big.jpg']",00005249,"$500.00 - $2,000.00",08-16-2026,07-30-2027,12 months,No,Yes,$500-2000,"Campus Living, LLC",Apartment,University District: Southeast,Above Ground,"Columbus, OH",4,"2 full, 0 half",1,No,No,Laundry facilities in the building,Yes,0,Yes,n/a,$450,Yes,,No,n/a,n/a,No,No,Central A/C,Yes,Yes,Yes,No,No,Yes,"Renovated Kitchen, Two Full Baths, Central Air, Off-Street Parking, Laundry, Security, and more... Call Ron for an Appointment 614-205-4343",$300,$70,$70,$70,No,No,No,No,No,No,No,Ron Benit,614-205-4343
119 Chittenden Avenue Unit E,https://offcampus.osu.edu/search-housing.aspx?property=20734&pricefrom=0&sort=1&alllandlords=0,"['https://offcampus.osu.edu/posts/vendors/properties/bd3-1-big.jpg', 'https://offcampus.osu.edu/posts/vendors/properties/lv1-big.jpg', 'https://offcampus.osu.edu/posts/vendors/properties/kt1-big.jpg', 'https://offcampus.osu.edu/posts/vendors/properties/bd4-big.jpg', 'https://offcampus.osu.edu/posts/vendors/properties/bd2-big.jpg', 'https://offcampus.osu.edu/posts/vendors/properties/bd1-big.jpg', 'https://offcampus.osu.edu/posts/vendors/properties/bd3-2-big.jpg', 'https://offcampus.osu.edu/posts/vendors/properties/bt1-big.jpg', 'https://offcampus.osu.edu/posts/vendors/properties/bd3-2-1-big.jpg']",000050FE,"$500.00 - $2,000.00",08-16-2026,07-30-2027,12 months,No,Yes,$500-2000,"Campus Living, LLC",Condominium,University District: Southeast,Above Ground,"Columbus, OH",4,"2 full, 0 half",4,No,No,Laundry facilities in the building,Yes,2,Yes,n/a,$400,Yes,,No,n/a,n/a,No,No,Central A/C,Yes,Yes,Yes,Yes,No,Yes,"New Kitchen and Carpet. Two Full Baths, Central Air, Off-Street Parking, Laundry, Security, and more... Call Ron for an Appointment 614-205-4343",$300,$70,$70,$70,No,No,No,No,No,No,No,,
"PO Box 20098Columbus, OH 43220",https://offcampus.osu.edu/search-housing.aspx?property=18520&pricefrom=0&sort=1&alllandlords=0,"['https://offcampus.osu.edu/posts/vendors/properties/venice-1-5-big.jpg', 'https://offcampus.osu.edu/posts/vendors/properties/venice-2-5-big.jpg', 'https://offcampus.osu.edu/posts/vendors/properties/venice-3-5-big.jpg', 'https://offcampus.osu.edu/posts/vendors/properties/venice-4-5-big.jpg', 'https://offcampus.osu.edu/posts/vendors/properties/venice-5-5-big.jpg', 'https://offcampus.osu.edu/posts/vendors/properties/venice-6-5-big.jpg', 'https://offcampus.osu.edu/posts/vendors/properties/venice-7-5-big.jpg', 'https://offcampus.osu.edu/posts/vendors/properties/venice-8-5-big.jpg', 'https://offcampus.osu.edu/posts/vendors/properties/venice-9-5-big.jpg', 'https://offcampus.osu.edu/posts/vendors/properties/venice-10-5-big.jpg', 'https://offcampus.osu.edu/posts/vendors/properties/venice-11-5-big.jpg', 'https://offcampus.osu.edu/posts/vendors/properties/venice-12-5-big.jpg', 'https://offcampus.osu.edu/posts/vendors/properties/venice-13-5-big.jpg']",00004858,"$525.00 - $1,575.00",8/15/2026,07/31/2027,12 Months,No,Yes,$One Month Rent,Venice Properties,Duplex/Town House,University District: Central,Above Ground,"Columbus, OH",3,"2 full, 0 half",4,No,Yes,Laundry Hookup,Yes,3,Yes,n/a,$200,Yes,,No,n/a,n/a,No,No,Central A/C,Yes,Yes,Yes,No,No,Yes,"1659 North 4th Street are 3 bedroom and 2 bath, beautifully renovated townhomes. The remodeled kitchens have custom ceramic tile floors, white cabinets, and all appliances (dishwasher, refrigerator, stove, and garbage disposal). Every basement has its own bedroom, full bath, and even a laundry room! Complete with central air, refinished hardwood floors, huge bedrooms, washer and dryer hookups, and off street parking, our townhomes feature plenty enough live-in space for 3 roommates, and enough off-street parking space for 3 cars. This home is only one block away from the Columbus Police Campus Substation and a CABS/COTA bus stop.

To view a virtual tour of this home please visit https://youtu.be/rR0hwX6PZ2Q",$N/A,$0,$0,$0,No,No,No,No,No,No,No,Anna Dauer,614-226-6841
"PO Box 20098Columbus, OH 43220",https://offcampus.osu.edu/search-housing.aspx?property=18519&pricefrom=0&sort=1&alllandlords=0,"['https://offcampus.osu.edu/posts/vendors/properties/venice-1-4-big.jpg', 'https://offcampus.osu.edu/posts/vendors/properties/venice-2-4-big.jpg', 'https://offcampus.osu.edu/posts/vendors/properties/venice-3-4-big.jpg', 'https://offcampus.osu.edu/posts/vendors/properties/venice-4-4-big.jpg', 'https://offcampus.osu.edu/posts/vendors/properties/venice-5-4-big.jpg', 'https://offcampus.osu.edu/posts/vendors/properties/venice-6-4-big.jpg', 'https://offcampus.osu.edu/posts/vendors/properties/venice-7-4-big.jpg', 'https://offcampus.osu.edu/posts/vendors/properties/venice-8-4-big.jpg', 'https://offcampus.osu.edu/posts/vendors/properties/venice-9-4-big.jpg', 'https://offcampus.osu.edu/posts/vendors/properties/venice-10-4-big.jpg', 'https://offcampus.osu.edu/posts/vendors/properties/venice-11-4-big.jpg', 'https://offcampus.osu.edu/posts/vendors/properties/venice-12-4-big.jpg', 'https://offcampus.osu.edu/posts/vendors/properties/venice-13-4-big.jpg']",00004857,"$525.00 - $1,575.00",8/15/2026,07/31/2027,12 Months,No,Yes,$One Month Rent,Venice Properties,Duplex/Town House,University District: Central,Above Ground,"Columbus, OH",3,"2 full, 0 half",4,No,Yes,Laundry Hookup,Yes,3,Yes,n/a,$200,Yes,,No,n/a,n/a,No,No,Central A/C,Yes,Yes,Yes,No,No,Yes,"1659 North 4th Street are 3 bedroom and 2 bath, beautifully renovated townhomes. The remodeled kitchens have custom ceramic tile floors, white cabinets, and all appliances (dishwasher, refrigerator, stove, and garbage disposal). Every basement has its own bedroom, full bath, and even a laundry room! Complete with central air, refinished hardwood floors, huge bedrooms, washer and dryer hookups, and off street parking, our townhomes feature plenty enough live-in space for 3 roommates, and enough off-street parking space for 3 cars. This home is only one block away from the Columbus Police Campus Substation and a CABS/COTA bus stop.
**To view a virtual tour of this home please visit https://youriguide.com/1655N4th
To view a virtual tour of this home please visit https://youtu.be/rR0hwX6PZ2Q",$N/A,$0,$0,$0,No,No,No,No,No,No,No,Anna Dauer,614-226-6841
1522 Indianola Road Unit B,https://offcampus.osu.edu/search-housing.aspx?property=15116&pricefrom=0&sort=1&alllandlords=0,"['https://offcampus.osu.edu/posts/vendors/properties/kitchen-214-big.jpg', 'https://offcampus.osu.edu/posts/vendors/properties/livingroom-31-big.jpg', 'https://offcampus.osu.edu/posts/vendors/properties/half-bath-12-big.jpg', 'https://offcampus.osu.edu/posts/vendors/properties/dsc02475-1-big.jpg', 'https://offcampus.osu.edu/posts/vendors/properties/1522-bedroom-1-big.jpg']",00003B0C,"$550.00 - $1,650.00",8/22/2025,7/31/2026,"August 22, 2025- July 31, 2026",Yes,Yes,$1650,"Locations, Ltd",Apartment,University District: Southeast,Above Ground,"Columbus, OH",3,"1 full, 1 half",3,No,No,Laundry Hookup,Yes,2,No,n/a,$475,Yes,No,No,n/a,n/a,No,Yes,Central A/C,Yes,Yes,Yes,No,No,Yes,"SPRING 2025 MOVE IN AVAILABLE

https://www.osulive.com/listings/detail/7c0ffb2a-2a78-402c-978a-68ef880ff009",$0,$0,$0,$0,No,No,No,No,No,No,No,,
1524 Indianola Road Unit B,https://offcampus.osu.edu/search-housing.aspx?property=15118&pricefrom=0&sort=1&alllandlords=0,"['https://offcampus.osu.edu/posts/vendors/properties/kitchen-284-big.jpg', 'https://offcampus.osu.edu/posts/vendors/properties/dsc02472-big.jpg', 'https://offcampus.osu.edu/posts/vendors/properties/1522-bedroom-3-big.jpg']",00003B0E,"$550.00 - $1,650.00",8/22/2025,7/31/2026,"August 22, 2025- July 31, 2026",Yes,Yes,$1650,"Locations, Ltd",Apartment,University District: Southeast,Above Ground,"Columbus, OH",3,"1 full, 0 half",3,No,No,None,Yes,2,Yes,n/a,$475,Yes,No,No,n/a,n/a,No,Yes,Central A/C,Yes,Yes,Yes,No,No,Yes,"SPRING 2025 MOVE IN AVAILABLE

Copy link for more info:
https://www.osulive.com/listings/detail/72e4046f-ba1e-49e7-8aa4-bfc15fa1b19f",$0,$0,$0,$0,No,No,No,No,No,No,No,,
1524 Indianola Road C,https://offcampus.osu.edu/search-housing.aspx?property=15119&pricefrom=0&sort=1&alllandlords=0,['https://offcampus.osu.edu/posts/vendors/properties/dsc02400-big.jpg'],00003B0F,"$550.00 - $1,650.00",8/22/2025,7/31/2026,"August 22, 2025- July 31, 2026",No,Yes,$1650,"Locations, Ltd",Apartment,University District: Southeast,Ground Level,"Columbus, OH",3,"1 full, 0 half",3,No,No,None,Yes,2,Yes,n/a,$475,Yes,No,No,n/a,n/a,No,Yes,Central A/C,Yes,Yes,Yes,No,No,Yes,https://www.osulive.com/listings/detail/7fdecfad-c4b5-4acb-80fb-2ee3d1868b07,$0,$0,$0,$0,No,No,No,No,No,No,No,,
2121 Iuka Road Unit A,https://offcampus.osu.edu/search-housing.aspx?property=15013&pricefrom=0&sort=1&alllandlords=0,['https://offcampus.osu.edu/posts/vendors/properties/2121-iuka-summer-big.jpg'],00003AA5,"$550.00 - $1,100.00",8/22/2025,7/31/2026,"August 22, 2025- July 31, 2026",No,Yes,$1100,"Locations, Ltd",Apartment,University District: Central,Ground Level,"Columbus , OH",2,"1 full, 0 half",2,No,No,None,Yes,2,Yes,n/a,$475,Yes,No,No,n/a,n/a,No,No,Central A/C,Yes,Yes,Yes,No,No,Yes,"Copy link for more info:
https://www.osulive.com/listings/detail/9f9dcdae-e9e1-471e-8d37-d869ae898663",$0,$0,$0,$0,No,No,No,No,No,No,No,,
67 Chittenden Avenue Unit A,https://offcampus.osu.edu/search-housing.aspx?property=12276&pricefrom=0&sort=1&alllandlords=0,"['https://offcampus.osu.edu/posts/vendors/properties/67ch-1-big.jpg', 'https://offcampus.osu.edu/posts/vendors/properties/dscn4054-big.jpg', 'https://offcampus.osu.edu/posts/vendors/properties/dscn4061-big.jpg', 'https://offcampus.osu.edu/posts/vendors/properties/dscn1282-1-big.jpg', 'https://offcampus.osu.edu/posts/vendors/properties/dscn1297-big.jpg', 'https://offcampus.osu.edu/posts/vendors/properties/dscn1304-2-big.jpg', 'https://offcampus.osu.edu/posts/vendors/properties/67ch-a1024-1-big.jpg']",00002FF4,"$560.00 - $2,800.00",08-23-2026,08-05-2027,12 Mo.,No,Yes,$2800,Cooper Properties,Apartment,University District: Southeast,Above Ground,"Columbus, OH",5,"2 full, 0 half",5,No,No,Laundry facilities in the unit,Yes,2,Yes,n/a,n/a,Yes,Yes,No,n/a,n/a,No,No,Central A/C,Yes,Yes,Yes,No,No,Yes,"Great location right off High street.  Fully renovated kitchen with new cabinets, microwave, white subway tile back splash, etc. Spacious living room and bedrooms, two full bathrooms, washer and dryer in unit, dishwasher, free off street parking (2 spots).  Video tours of all our properties are available at www.cooper-properties.com.  For more information please email manager@cooper-properties.com or call (614) 961-0056.

Explore Our Property at 67 E Chittenden Ave - Follow the Link below to Check it Out: 
https://cooper-properties.com/properties/67-e-chittenden-ave/",$0,$0,$0,$0,No,No,No,No,No,No,No,,
180 East 12th Avenue Unit C,https://offcampus.osu.edu/search-housing.aspx?property=12261&pricefrom=0&sort=1&alllandlords=0,"['https://offcampus.osu.edu/posts/vendors/properties/img-20190804-173117-18tw-ext-pic-2-of-2-3-big.jpg', 'https://offcampus.osu.edu/posts/vendors/properties/18tw-c10241024-1-1-big.jpg', 'https://offcampus.osu.edu/posts/vendors/properties/dscn1315-copy-big.jpg', 'https://offcampus.osu.edu/posts/vendors/properties/dscn1317-copy-big.jpg', 'https://offcampus.osu.edu/posts/vendors/properties/dscn1345-big.jpg', 'https://offcampus.osu.edu/posts/vendors/properties/dscn1321-copy-big.jpg', 'https://offcampus.osu.edu/posts/vendors/properties/dscn1322-copy-big.jpg', 'https://offcampus.osu.edu/posts/vendors/properties/dscn1292-1-big.jpg']",00002FE5,"$565.00 - $1,695.00",08-23-2026,08-05-2027,12 Mo.,No,Yes,$1695,Cooper Properties,Apartment,University District: Southeast,Above Ground,"Columbus, OH",3,"1 full, 0 half",3,No,No,Laundry facilities in the unit,Yes,2,Yes,n/a,n/a,Yes,Yes,No,n/a,n/a,No,No,Central A/C,Yes,Yes,Yes,No,No,Yes,"3 bedroom unit with extra large living room, fully renovated kitchen with new appliances, built in microwave, tile back splash, dishwasher, free washer & dryer in the unit, central air and free off-street parking (2 spots).  Video tours of all our properties are available at www.cooper-properties.com.  For more information please email manager@cooper-properties.com or call (614) 961-0056.

Explore Our Property at 180 E 12th Ave - Follow the Link below to Check it Out: 
https://cooper-properties.com/properties/180-e-12th-ave/",$0,$0,$0,$0,No,No,No,No,No,No,No,,
180 East 12th Avenue Unit B,https://offcampus.osu.edu/search-housing.aspx?property=15836&pricefrom=0&sort=1&alllandlords=0,"['https://offcampus.osu.edu/posts/vendors/properties/img-20190804-173117-18tw-ext-pic-2-of-2-1-big.jpg', 'https://offcampus.osu.edu/posts/vendors/properties/18tw-b10241024-1-big.jpg', 'https://offcampus.osu.edu/posts/vendors/properties/dscn1315-copy-2-big.jpg', 'https://offcampus.osu.edu/posts/vendors/properties/dscn1313-copy-1-big.jpg', 'https://offcampus.osu.edu/posts/vendors/properties/dscn1317-copy-2-big.jpg', 'https://offcampus.osu.edu/posts/vendors/properties/dscn1321-copy-2-big.jpg', 'https://offcampus.osu.edu/posts/vendors/properties/dscn1322-copy-2-big.jpg', 'https://offcampus.osu.edu/posts/vendors/properties/dscn1332-copy-1-big.jpg']",00003DDC,"$565.00 - $2,825.00",08-23-2026,08-05-2027,12,No,Yes,$2825,Cooper Properties,Apartment,University District: Southeast,Ground Level,"Columbus, OH",5,"2 full, 0 half",5,No,No,Laundry facilities in the unit,Yes,2,Yes,n/a,n/a,Yes,,No,n/a,n/a,No,No,Central A/C,Yes,Yes,Yes,No,No,No,"Nice units, newer construction.  Central air conditioning, washer and dryer in unit, free off street parking (2 spots), two full bathrooms, dishwasher.  Video tours of all our properties are available at www.cooper-properties.com.  For more information please email manager@cooper-properties.com or call (614) 961-0056.

Explore Our Property at 180 E 12th Ave - Follow the Link below to Check it Out: 
https://cooper-properties.com/properties/180-e-12th-ave/",$0,$0,$0,$0,No,No,No,No,No,No,No,,
"PO Box 20098Columbus, OH 43220",https://offcampus.osu.edu/search-housing.aspx?property=19695&pricefrom=0&sort=1&alllandlords=0,"['https://offcampus.osu.edu/posts/vendors/properties/171-e-12th-big.jpg', 'https://offcampus.osu.edu/posts/vendors/properties/171-e-12th-2-big.jpg', 'https://offcampus.osu.edu/posts/vendors/properties/171-e-12th-3-big.jpg', 'https://offcampus.osu.edu/posts/vendors/properties/171-e-12th-4-big.jpg', 'https://offcampus.osu.edu/posts/vendors/properties/171-e-12th-5-big.jpg', 'https://offcampus.osu.edu/posts/vendors/properties/171-e-12th-6-big.jpg', 'https://offcampus.osu.edu/posts/vendors/properties/171-e-12th-7-big.jpg', 'https://offcampus.osu.edu/posts/vendors/properties/171-e-12th-8-big.jpg', 'https://offcampus.osu.edu/posts/vendors/properties/171-e-12th-9-big.jpg', 'https://offcampus.osu.edu/posts/vendors/properties/171-e-12th-10-big.jpg', 'https://offcampus.osu.edu/posts/vendors/properties/171-e-12th-11-big.jpg', 'https://offcampus.osu.edu/posts/vendors/properties/171-e-12th-12-big.jpg']",00004CEF,"$565.00 - $1,695.00",08/15/2026,07/31/2027,1 year,No,Yes,$One Month Rent,Venice Properties,Duplex/Town House,University District: Central,Above Ground,"Columbus, OH",3,"1 full, 0 half",3,No,Yes,Laundry facilities in the unit,Yes,2,Yes,n/a,$200,Yes,,No,n/a,n/a,No,No,Central A/C,Yes,Yes,Yes,No,No,Yes,"**To view a virtual tour of this home please visit https://youriguide.com/171East12th

171 E 12th Avenue is a charming three-bedroom town home at a great centralized campus location! This home opens up to a cozy living room area that can comfortably fit and entertain one to MANY residents and guests all at once. The living room leads into a kitchen with ample cabinet space and washer and dryer hookups, alongside two large bedrooms upstairs and one huge bedroom downstairs. Featuring all major appliances including a dishwasher and central A/C, 171 E 12th is a great three-bedroom spot for any student looking to focus on their education while living in the heart of everything that makes THE Ohio State University a great place to get your education!

To view a virtual tour of this home please visit https://youtu.be/nbEtcxU5mrw",$N/A,$0,$0,$0,No,No,No,No,No,No,No,Anna Dauer,614-226-6841
67 Chittenden Avenue Unit D,https://offcampus.osu.edu/search-housing.aspx?property=12275&pricefrom=0&sort=1&alllandlords=0,"['https://offcampus.osu.edu/posts/vendors/properties/67ch-2-1-big.jpg', 'https://offcampus.osu.edu/posts/vendors/properties/dscn1290-1-big.jpg', 'https://offcampus.osu.edu/posts/vendors/properties/dscn1282-big.jpg', 'https://offcampus.osu.edu/posts/vendors/properties/dscn1304-1-big.jpg', 'https://offcampus.osu.edu/posts/vendors/properties/dscn1292-2-big.jpg', 'https://offcampus.osu.edu/posts/vendors/properties/67ch-d10241024-1-big.jpg']",00002FF3,"$585.00 - $2,340.00",08-23-2026,08-05-2027,12 Mo.,No,Yes,$2340,Cooper Properties,Apartment,University District: Southeast,Above Ground,"Columbus, OH",4,"1 full, 0 half",4,No,No,Laundry facilities in the unit,Yes,2,Yes,n/a,n/a,Yes,Yes,No,n/a,n/a,No,No,Central A/C,Yes,Yes,Yes,No,No,Yes,"Newer construction in great location right off High Street.  Dishwasher, free washer and dryer in unit, free off street parking (2 spots), central air conditioning. Video tours of all our properties are available at https://cooper-properties.com/.  For more information please email manager@cooper-properties.com or call (614) 961-0056.

Explore Our Property at 67 E Chittenden Ave - Follow the Link below to Check it Out: 
https://cooper-properties.com/properties/67-e-chittenden-ave/",$0,$0,$0,$0,No,No,No,No,No,No,No,,
"PO Box 20098Columbus, OH 43220",https://offcampus.osu.edu/search-housing.aspx?property=14404&pricefrom=0&sort=1&alllandlords=0,"['https://offcampus.osu.edu/posts/vendors/properties/1-83-big.jpg', 'https://offcampus.osu.edu/posts/vendors/properties/2-67-big.jpg', 'https://offcampus.osu.edu/posts/vendors/properties/3-72-big.jpg', 'https://offcampus.osu.edu/posts/vendors/properties/4-74-big.jpg', 'https://offcampus.osu.edu/posts/vendors/properties/5-65-big.jpg', 'https://offcampus.osu.edu/posts/vendors/properties/6-68-big.jpg', 'https://offcampus.osu.edu/posts/vendors/properties/7-62-big.jpg', 'https://offcampus.osu.edu/posts/vendors/properties/8-51-big.jpg', 'https://offcampus.osu.edu/posts/vendors/properties/9-59-big.jpg', 'https://offcampus.osu.edu/posts/vendors/properties/10-58-big.jpg', 'https://offcampus.osu.edu/posts/vendors/properties/11-58-big.jpg', 'https://offcampus.osu.edu/posts/vendors/properties/12-58-big.jpg', 'https://offcampus.osu.edu/posts/vendors/properties/13-56-big.jpg', 'https://offcampus.osu.edu/posts/vendors/properties/14-56-big.jpg']",00003844,"$599.00 - $2,995.00",8/15/2026,07/31/2027,12 months,No,Yes,$One Month's Rent,Venice Properties,House,University District: Central,Above Ground,"Columbus, OH",5,"2 full, 0 half",6,No,Yes,Laundry Hookup,Yes,4,Yes,n/a,$$200,Yes,No,No,n/a,n/a,No,No,Central A/C,Yes,Yes,Yes,No,Yes,Yes,"**To view a virtual tour of this home please visit https://youriguide.com/1641N4th

? WHY THIS HOME STANDS OUT:
? Prime location between 12th & 13th Ave – walk to class, bars, and campus hotspots
? Spacious 5 bedrooms + 2 full bathrooms
? Huge living room – perfect for hanging out or hosting
? Off-street parking for up to 5 cars (rare near campus!)

??? MODERN KITCHEN UPGRADES:
• Granite countertops
• Custom glass tile backsplash
• Oak cabinetry + tile flooring
• Full appliance package (fridge, stove, dishwasher, disposal)

?? UPDATED BATHROOMS:
• Stylish tile floors & custom shower surrounds
• Glass block window + pedestal sink (1st floor)
• Updated vanity (2nd floor)

?? BONUS FEATURES YOU’LL LOVE:
• Central A/C ??
• In-unit washer & dryer (FREE)
• Massive bedrooms
• Completely updated electrical system
• 1 block from OSU Police Substation + CABS/COTA bus stop

? Homes like this don’t last—especially the LAST one available for Fall 2026. Lock in your group housing before it’s gone!
?? Message now to schedule a showing or secure your spot!

To view a virtual tour of this home please visit https://youtu.be/AbUpnazyqeI",$0,$0,$0,$0,No,No,No,No,No,No,No,Anna Dauer,614-226-6841
"P.O. Box 20467Columbus, OH 43220",https://offcampus.osu.edu/search-housing.aspx?property=20451&pricefrom=0&sort=1&alllandlords=0,"['https://offcampus.osu.edu/posts/vendors/properties/thumbnail-img-2660-2-big.jpg', 'https://offcampus.osu.edu/posts/vendors/properties/img-5406-big.jpg', 'https://offcampus.osu.edu/posts/vendors/properties/img-8358-big.jpg', 'https://offcampus.osu.edu/posts/vendors/properties/img-8359-big.jpg', 'https://offcampus.osu.edu/posts/vendors/properties/a-15th-169-2-big.jpg', 'https://offcampus.osu.edu/posts/vendors/properties/100-3br-floorplan-big.jpg', 'https://offcampus.osu.edu/posts/vendors/properties/100-brown-kitchen-big.jpg']",00004FE3,"$600.00 - $1,800.00",08-01-2026,07-30-2027,12 months,No,No,$1800,S&G Properties,Apartment,University District: Central,Above Ground,"Columbus, OH",3,"1 full, 0 half",3,No,No,Laundry facilities in the building,Yes,27,Yes,n/a,n/a,Yes,,No,n/a,n/a,No,No,Central A/C,Yes,Yes,Yes,No,No,No,"www.100chit.com video, floorplan
Perfect Campus Location.  New GRANITE Kitchens Large 3 Bedroom apartment, great family room space, big bedrooms & double closets.  Central air conditioning, GRANITE Kitchens, Dishwasher, Microwave.  Call for tour-614-395-1993

YOUTUBE VIDEO WALKTHROUGH LINK!
https://youtu.be/R50x6MpP0X0",$250,$0,$0,$0,Yes,Yes,Yes,Yes,No,No,No,Phil Crawford,614-395-1993
2157 Indianola Avenue,https://offcampus.osu.edu/search-housing.aspx?property=10124&pricefrom=0&sort=1&alllandlords=0,"['https://offcampus.osu.edu/posts/vendors/properties/016-25-27-e-patterson-ave016-big.jpg', 'https://offcampus.osu.edu/posts/vendors/properties/2157-front-roomedited-big.jpg', 'https://offcampus.osu.edu/posts/vendors/properties/2157-kitedited-big.jpg', 'https://offcampus.osu.edu/posts/vendors/properties/2157-livedited-big.jpg', 'https://offcampus.osu.edu/posts/vendors/properties/2157living-roomedited-big.jpg', 'https://offcampus.osu.edu/posts/vendors/properties/2157-new-image-big.jpg', 'https://offcampus.osu.edu/posts/vendors/properties/img-8370-big.jpg', 'https://offcampus.osu.edu/posts/vendors/properties/img-8377-big.jpg', 'https://offcampus.osu.edu/posts/vendors/properties/img-8372-big.jpg']",0000278C,"$600.00 - $1,500.00",08-01-2026,07-30-2027,12 months,No,No,$600,S&G Properties,Half Double,University District: Northeast,Ground Level,"Columbus, OH",3,"1 full, 0 half",3,No,Yes,Laundry facilities in the unit,Yes,0,No,n/a,n/a,Yes,No,No,n/a,n/a,No,No,Central A/C,Yes,Yes,Yes,No,Yes,Yes,"Large house, hardwood floors, Dishwasher, full basement, Washer and Dryer
call me 614-395-2576",$0,$0,$0,$0,No,No,No,No,No,No,No,,
1522 Indianola Road Unit C,https://offcampus.osu.edu/search-housing.aspx?property=15117&pricefrom=0&sort=1&alllandlords=0,"['https://offcampus.osu.edu/posts/vendors/properties/kitchen-283-big.jpg', 'https://offcampus.osu.edu/posts/vendors/properties/1522-bedroom-2-big.jpg', 'https://offcampus.osu.edu/posts/vendors/properties/bathroom-104-big.jpg', 'https://offcampus.osu.edu/posts/vendors/properties/half-bath-14-big.jpg', 'https://offcampus.osu.edu/posts/vendors/properties/livingroom-33-big.jpg']",00003B0D,"$600.00 - $1,800.00",8/22/2025,7/31/2026,"August 22, 2025- July 31, 2026",No,Yes,$1800,"Locations, Ltd",Apartment,University District: Southeast,Ground Level,"Columbus, OH",3,"1 full, 1 half",3,No,No,Laundry Hookup,Yes,2,Yes,n/a,$475,Yes,No,No,n/a,n/a,No,Yes,Central A/C,Yes,Yes,Yes,No,No,Yes,"Copy link for more info:
https://www.osulive.com/listings/detail/7fdecfad-c4b5-4acb-80fb-2ee3d1868b07",$0,$0,$0,$0,No,No,No,No,No,No,No,,
2121 Iuka Road Unit D,https://offcampus.osu.edu/search-housing.aspx?property=15016&pricefrom=0&sort=1&alllandlords=0,['https://offcampus.osu.edu/posts/vendors/properties/2121-iuka-summer-2-big.jpg'],00003AA8,"$600.00 - $1,200.00",8/22/2025,7/31/2026,"August 22, 2025- July 31, 2026",No,Yes,$1200,"Locations, Ltd",Apartment,University District: Central,Ground Level,"Columbus, OH",2,"1 full, 0 half",2,No,No,None,Yes,2,Yes,n/a,$475,Yes,No,No,n/a,n/a,No,No,Central A/C,Yes,Yes,Yes,No,No,Yes,,$0,$0,$0,$0,No,No,No,No,No,No,No,,
2121 Iuka Road Unit E,https://offcampus.osu.edu/search-housing.aspx?property=15017&pricefrom=0&sort=1&alllandlords=0,['https://offcampus.osu.edu/posts/vendors/properties/2121-iuka-big.jpg'],00003AA9,"$600.00 - $1,200.00",8/22/2025,7/31/2026,"August 22, 2025- July 31, 2026",Yes,Yes,$1200,"Locations, Ltd",Apartment,University District: Central,Ground Level,"Columbus, OH",2,"1 full, 0 half",2,No,No,None,Yes,2,Yes,n/a,$475,Yes,No,No,n/a,n/a,No,No,Central A/C,Yes,Yes,Yes,No,No,Yes,"SPRING 2025 MOVE IN AVAILABLE

Copy link for more info:
https://www.osulive.com/listings/detail/58eb6a9f-b4b6-4dd4-840c-e117adb6391d
Available Now",$0,$0,$0,$0,No,No,No,No,No,No,No,,
2549 Neil Avenue,https://offcampus.osu.edu/search-housing.aspx?property=14954&pricefrom=0&sort=1&alllandlords=0,"['https://offcampus.osu.edu/posts/vendors/properties/2547-2549-neil-avenue-2-big.jpg', 'https://offcampus.osu.edu/posts/vendors/properties/livingroom-29-big.jpg', 'https://offcampus.osu.edu/posts/vendors/properties/kitchen-275-big.jpg', 'https://offcampus.osu.edu/posts/vendors/properties/bathroon-big.jpg', 'https://offcampus.osu.edu/posts/vendors/properties/basement-15-big.jpg', 'https://offcampus.osu.edu/posts/vendors/properties/laundry-34-big.jpg', 'https://offcampus.osu.edu/posts/vendors/properties/bedroom-1-27-big.jpg', 'https://offcampus.osu.edu/posts/vendors/properties/bedroom-2-41-big.jpg']",00003A6A,"$600.00 - $1,800.00",8/22/2025,7/31/2026,"August 22, 2025- July 31, 2026",No,Yes,$1800,"Locations, Ltd",Duplex/Town House,University District: Northwest,Ground Level,"Columbus, OH",3,"1 full, 0 half",3,No,Yes,Laundry Hookup,Yes,2,Yes,n/a,$475,Yes,No,No,n/a,n/a,No,No,None,Yes,Yes,Yes,No,No,No,"Copy link for more info:
https://www.osulive.com/listings/detail/505870af-14ee-4932-a22b-c5385dba83ed",$0,$0,$0,$0,No,No,No,No,No,No,No,,
64 West Northwood Road Unit D,https://offcampus.osu.edu/search-housing.aspx?property=14982&pricefrom=0&sort=1&alllandlords=0,['https://offcampus.osu.edu/posts/vendors/properties/dsc02626-big.jpg'],00003A86,"$600.00 - $2,400.00",8/22/2025,7/31/2026,"August 22, 2025- July 31, 2026",Yes,Yes,$2400,"Locations, Ltd",Apartment,University District: Northwest,Ground Level,"Columbus, OH",4,"2 full, 0 half",4,No,No,Laundry facilities in the building,Yes,2,Yes,n/a,$475,Yes,No,No,n/a,n/a,No,No,Central A/C,Yes,Yes,Yes,No,No,No,"SPRING 2025 MOVE IN AVAILABLE 

https://www.osulive.com/listings/detail/b6b8f265-f049-48aa-8b38-c1ddcd927bbb",$0,$0,$0,$0,No,No,No,No,No,No,No,,
220 East Norwich Road,https://offcampus.osu.edu/search-housing.aspx?property=14997&pricefrom=0&sort=1&alllandlords=0,['https://offcampus.osu.edu/posts/vendors/properties/dsc02428-big.jpg'],00003A95,"$600.00 - $3,000.00",8/22/2025,7/31/2026,"August 22, 2025- July 31, 2026",No,Yes,$3000,"Locations, Ltd",Half Double,University District: Southeast,Ground Level,"Columbus, OH",5,"2 full, 0 half",5,No,No,Laundry Hookup,Yes,2,Yes,n/a,$475,Yes,No,No,n/a,n/a,No,Yes,Central A/C,Yes,Yes,Yes,No,No,Yes,"COPY Link for more info:
https://www.osulive.com/listings/detail/2199464f-7c65-437d-aec4-13acb372758a",$0,$0,$0,$0,No,No,No,No,No,No,No,,
32 West Patterson Road,https://offcampus.osu.edu/search-housing.aspx?property=14956&pricefrom=0&sort=1&alllandlords=0,"['https://offcampus.osu.edu/posts/vendors/properties/32-38wpatterson-2-big.jpg', 'https://offcampus.osu.edu/posts/vendors/properties/dsc02632-big.jpg']",00003A6C,"$600.00 - $1,800.00",8/22/2025,7/31/2026,"August 22, 2025- July 31, 2026",No,Yes,$1800,"Locations, Ltd",Apartment,University District: Northwest,Above Ground,"Columbus, OH",3,"1 full, 0 half",3,No,Yes,Laundry Hookup,Yes,1,No,n/a,n/a,Yes,No,No,n/a,n/a,No,No,None,Yes,Yes,Yes,No,Yes,Yes,https://www.osulive.com/listings/detail/2cfcd02a-d66d-4df2-9eae-08e10e7cd768,$0,$0,$0,$0,No,No,No,No,No,No,No,,
36 West Patterson Road,https://offcampus.osu.edu/search-housing.aspx?property=14958&pricefrom=0&sort=1&alllandlords=0,['https://offcampus.osu.edu/posts/vendors/properties/32-38wpatterson-1-big.jpg'],00003A6E,"$600.00 - $1,800.00",8/22/2025,7/31/2026,"August 22, 2025- July 31, 2026",No,Yes,$1800,"Locations, Ltd",Apartment,University District: Northwest,Above Ground,"Columbus, OH",3,"1 full, 0 half",3,No,Yes,Laundry Hookup,Yes,1,Yes,n/a,$450,Yes,No,No,n/a,n/a,No,No,None,Yes,Yes,Yes,No,No,Yes,"WEBSITE for pictures and showings:
https://www.osulive.com/listings/detail/64b86e0a-0c50-4675-982a-51decda0e224",$0,$0,$0,$0,No,No,No,No,No,No,No,,
38 West Patterson Road,https://offcampus.osu.edu/search-housing.aspx?property=14959&pricefrom=0&sort=1&alllandlords=0,['https://offcampus.osu.edu/posts/vendors/properties/dsc02632-1-big.jpg'],00003A6F,"$600.00 - $1,800.00",8/22/2025,7/31/2026,"August 22, 2025- July 31, 2026",No,Yes,$1800,"Locations, Ltd",Apartment,University District: Northwest,Above Ground,"Columbus, OH",2,"1 full, 0 half",3,No,Yes,Laundry Hookup,Yes,1,No,n/a,n/a,Yes,No,No,n/a,n/a,No,No,None,Yes,Yes,Yes,No,No,Yes,"WEBSITE for more information:
https://www.osulive.com/listings/detail/64b86e0a-0c50-4675-982a-51decda0e224",$0,$0,$0,$0,No,No,No,No,No,No,No,,
2547 Neil Avenue,https://offcampus.osu.edu/search-housing.aspx?property=14953&pricefrom=0&sort=1&alllandlords=0,['https://offcampus.osu.edu/posts/vendors/properties/2547-2549-neil-big.jpg'],00003A69,"$600.00 - $1,200.00",8-11-2025,7-11-2026,12 Months,No,Yes,$1200,"Locations, Ltd",Duplex/Town House,University District: Northwest,Ground Level,"Columbus, OH",2,"1 full, 0 half",2,No,Yes,Laundry Hookup,Yes,2,Yes,n/a,$440,Yes,No,No,n/a,n/a,No,No,Central A/C,Yes,Yes,Yes,No,No,No,"Copy link for more info:
https://www.osulive.com/listings/detail/505870af-14ee-4932-a22b-c5385dba83ed",$0,$0,$0,$0,No,No,No,No,No,No,No,,
100 Woodruff Road,https://offcampus.osu.edu/search-housing.aspx?property=15011&pricefrom=0&sort=1&alllandlords=0,['https://offcampus.osu.edu/posts/vendors/properties/98-100-450x600-big.jpg'],00003AA3,"$600.00 - $3,600.00",8/24/2025,07/26/2026,8/24/25 - 7/26/26,No,Yes,$3600,"Locations, Ltd",House,University District: Northwest,Ground Level,"Columbus, OH",6,"2 full, 1 half",6,No,No,Laundry Hookup,Yes,3,Yes,n/a,$475,Yes,No,No,n/a,n/a,No,Yes,Central A/C,Yes,Yes,Yes,No,No,No,,$0,$0,$0,$0,No,No,No,No,No,No,No,,
491 Alden Avenue F (Sublet),https://offcampus.osu.edu/search-housing.aspx?property=16244&pricefrom=0&sort=1&alllandlords=0&sublet=true,['https://offcampus.osu.edu/posts/vendors/properties/196-2-big.jpg'],00003F74,$850.00,5/8/2026,8/10/2026,12 months,No,Yes,$600,Inn-Town Homes and Apartments,Apartment,University District: Northeast,Ground Level,"Columbus, OH",1,"1 full, 0 half",2,No,No,Laundry facilities in the building,Yes,1,Yes,n/a,$100,No,,No,n/a,n/a,No,No,Central A/C,Yes,Yes,Yes,No,No,No,,$0,$0,$0,$0,No,No,No,No,Yes,No,No,,
67 Chittenden Avenue Unit C,https://offcampus.osu.edu/search-housing.aspx?property=12274&pricefrom=0&sort=1&alllandlords=0,"['https://offcampus.osu.edu/posts/vendors/properties/67ch-1-1-big.jpg', 'https://offcampus.osu.edu/posts/vendors/properties/dscn1307-big.jpg', 'https://offcampus.osu.edu/posts/vendors/properties/dscn1305-big.jpg', 'https://offcampus.osu.edu/posts/vendors/properties/dscn1292-big.jpg', 'https://offcampus.osu.edu/posts/vendors/properties/dscn1304-big.jpg', 'https://offcampus.osu.edu/posts/vendors/properties/67ch-c10241024-1-big.jpg']",00002FF2,"$610.00 - $1,830.00",08-23-2026,08-05-2027,12 Mo.,No,Yes,$1830,Cooper Properties,Apartment,University District: Southeast,Above Ground,"Columbus, OH",3,"1 full, 0 half",3,No,No,Laundry facilities in the unit,Yes,2,Yes,n/a,n/a,Yes,Yes,No,n/a,n/a,No,No,Central A/C,No,Yes,Yes,No,No,No,"Great location right off High Street. Free washer and dryer, central heat and air conditioning, free off street parking (2 spots).  Video tours of all our properties are available at www.cooper-properties.com.  For more information please email manager@cooper-properties.com or call (614) 961-0056.

Explore Our Property at 67 E Chittenden Ave - Follow the Link below to Check it Out: 
https://cooper-properties.com/properties/67-e-chittenden-ave/",$0,$0,$0,$0,No,No,No,No,No,No,No,,
"1150 Kinnear RdLeasing officeColumbus, OH 43212",https://offcampus.osu.edu/search-housing.aspx?property=21195&pricefrom=0&sort=1&alllandlords=0&sublet=true,[],000052CB,"$1,200.00",2/1/2026,7/24/2026,"Annual, Academic,Fall, and Spring",Yes,Yes,$2 months rent (Not towards rent),Altitude Columbus,Apartment,Other,Ground Level,"Columbus6, OH",4,"1 full, 0 half",166,Yes,No,Laundry facilities in the unit,Yes,428,Yes,n/a,n/a,No,,Yes,$40,n/a,Yes,No,Central A/C,Yes,Yes,Yes,Yes,Yes,No,"TV Lounge
Computer Lab & Study Center
24-Hour Fitness Center
Sparkling Pool & Hot Tub
Outdoor Grilling Stations
Sand Volleyball Court",$300,$15,$0,$0,Yes,Yes,Yes,No,Yes,No,Yes,Dylan Kuberny,614-298-5800
"PO Box 20098Columbus, OH 43220",https://offcampus.osu.edu/search-housing.aspx?property=19566&pricefrom=0&sort=1&alllandlords=0,"['https://offcampus.osu.edu/posts/vendors/properties/robbmccormickphotography-2-2-big.jpg', 'https://offcampus.osu.edu/posts/vendors/properties/robbmccormickphotography-4-9-big.jpg', 'https://offcampus.osu.edu/posts/vendors/properties/robbmccormickphotography-3-6-big.jpg', 'https://offcampus.osu.edu/posts/vendors/properties/robbmccormickphotography-6-9-big.jpg', 'https://offcampus.osu.edu/posts/vendors/properties/robbmccormickphotography-8-10-big.jpg', 'https://offcampus.osu.edu/posts/vendors/properties/robbmccormickphotography-10-7-big.jpg', 'https://offcampus.osu.edu/posts/vendors/properties/robbmccormickphotography-11-9-big.jpg', 'https://offcampus.osu.edu/posts/vendors/properties/robbmccormickphotography-23-big.jpg', 'https://offcampus.osu.edu/posts/vendors/properties/227dsa-4319-5-big.jpg', 'https://offcampus.osu.edu/posts/vendors/properties/robb-mccormick-photography-3-of-15-5-big.jpg']",00004C6E,"$647.00 - $1,295.00",8/15/2026,07/31/2027,One Year,No,Yes,$One Month Rent,Venice Properties,Apartment,University District: Southeast,Above Ground,"Columbus, OH",2,"1 full, 0 half",3,No,No,None,Yes,2,Yes,n/a,$200,Yes,,No,n/a,n/a,No,No,Central A/C,No,Yes,Yes,No,No,Yes,"**To view a virtual tour of this home please visit https://youriguide.com/1669N4th2BR

1669 N 4th Street is a two-bedroom, two story, town home that features a spacious living room area that can comfortably host several residents and guests! The kitchen is absolutely HUGE for two residents, offers ample cabinet space, and comes with all appliances (including garbage disposal), and even has a large walk-in pantry area for extensive storage. Both upstairs bedrooms have walk in closets and more than enough space to make a great home for students and working professionals alike! Lastly, there is a large off street parking lot, and the location is only one block away from the Columbus Police Campus Substation and a CABS/COTA bus stop.

To view a virtual tour of this home please visit https://youtu.be/oGdihPRv6_M",$N/A,$0,$0,$0,No,No,No,No,No,No,No,Anna Dauer,614-226-6841
"PO Box 20098Columbus, OH 43220",https://offcampus.osu.edu/search-housing.aspx?property=19564&pricefrom=0&sort=1&alllandlords=0,"['https://offcampus.osu.edu/posts/vendors/properties/robbmccormickphotography-2-big.jpg', 'https://offcampus.osu.edu/posts/vendors/properties/robbmccormickphotography-4-6-big.jpg', 'https://offcampus.osu.edu/posts/vendors/properties/robbmccormickphotography-3-4-big.jpg', 'https://offcampus.osu.edu/posts/vendors/properties/robbmccormickphotography-6-7-big.jpg', 'https://offcampus.osu.edu/posts/vendors/properties/robbmccormickphotography-4-7-big.jpg', 'https://offcampus.osu.edu/posts/vendors/properties/robbmccormickphotography-8-8-big.jpg', 'https://offcampus.osu.edu/posts/vendors/properties/robbmccormickphotography-11-7-big.jpg', 'https://offcampus.osu.edu/posts/vendors/properties/robbmccormickphotography-big.jpg', 'https://offcampus.osu.edu/posts/vendors/properties/227dsa-4319-3-big.jpg', 'https://offcampus.osu.edu/posts/vendors/properties/robb-mccormick-photography-3-of-15-3-big.jpg']",00004C6C,"$647.00 - $1,295.00",8/15/2026,07/31/2027,One Year,No,No,$One Month Rent,Venice Properties,Apartment,University District: Southeast,Above Ground,"Columbus, OH",2,"1 full, 0 half",3,No,No,None,Yes,2,Yes,n/a,$200,Yes,,No,n/a,n/a,No,No,Central A/C,No,Yes,Yes,No,No,Yes,"**To view a virtual tour of this home please visit https://youriguide.com/1669N4th2BR

1669 N 4th Street is a two-bedroom, two story, town home that features a spacious living room area that can comfortably host several residents and guests! The kitchen is absolutely HUGE for two residents, offers ample cabinet space, and comes with all appliances (including garbage disposal), and even has a large walk-in pantry area for extensive storage. Both upstairs bedrooms have walk in closets and more than enough space to make a great home for students and working professionals alike! Lastly, there is a large off street parking lot, and the location is only one block away from the Columbus Police Campus Substation and a CABS/COTA bus stop.

To view a virtual tour of this home please visit https://youtu.be/oGdihPRv6_M",$N/A,$0,$0,$0,No,No,No,No,No,No,No,Anna Dauer,614-226-6841
